"Abbeville County", "web companies", "Milliken & Company", "http://www.milliken.com/en-us/Pages/default.aspx"
"Abbeville County", "web companies", "American General Life Company", "None"
"Abbeville County", "web companies", "American National Insurance Co", "https://www.americannational.com/wps/portal/amnat/home/contact-us"
"Abbeville County", "web companies", "Bimbo Bakeries USA", "https://bimbobakeriesusa.com/"
"Abbeville County", "web companies", "Aramark", "http://www.aramark.com/"
"Abbeville County", "web companies", "Fastenal", "https://www.fastenal.com/"
"Acadia Parish", "web companies", "Milliken & Company", "http://www.milliken.com/en-us/Pages/default.aspx"
"Acadia Parish", "web companies", "American General Life Company", "None"
"Acadia Parish", "web companies", "American National Insurance Co", "https://www.americannational.com/wps/portal/amnat/home/contact-us"
"Acadia Parish", "web companies", "Bimbo Bakeries USA", "https://bimbobakeriesusa.com/"
"Acadia Parish", "web companies", "Aramark", "http://www.aramark.com/"
"Acadia Parish", "web companies", "Fastenal", "https://www.fastenal.com/"
"Accomack County", "web companies", "Milliken & Company", "http://www.milliken.com/en-us/Pages/default.aspx"
"Accomack County", "web companies", "American General Life Company", "None"
"Accomack County", "web companies", "American National Insurance Co", "https://www.americannational.com/wps/portal/amnat/home/contact-us"
"Accomack County", "web companies", "Bimbo Bakeries USA", "https://bimbobakeriesusa.com/"
"Accomack County", "web companies", "Aramark", "http://www.aramark.com/"
"Accomack County", "web companies", "Fastenal", "https://www.fastenal.com/"
"Ada County", "web companies", "Milliken & Company", "http://www.milliken.com/en-us/Pages/default.aspx"
"Ada County", "web companies", "American General Life Company", "None"
"Ada County", "web companies", "American National Insurance Co", "https://www.americannational.com/wps/portal/amnat/home/contact-us"
"Ada County", "web companies", "Bimbo Bakeries USA", "https://bimbobakeriesusa.com/"
"Ada County", "web companies", "Aramark", "http://www.aramark.com/"
"Ada County", "web companies", "Fastenal", "https://www.fastenal.com/"
"Adair County", "web companies", "Milliken & Company", "http://www.milliken.com/en-us/Pages/default.aspx"
"Adair County", "web companies", "American General Life Company", "None"
"Adair County", "web companies", "American National Insurance Co", "https://www.americannational.com/wps/portal/amnat/home/contact-us"
"Adair County", "web companies", "Bimbo Bakeries USA", "https://bimbobakeriesusa.com/"
"Adair County", "web companies", "Aramark", "http://www.aramark.com/"
"Adair County", "web companies", "Fastenal", "https://www.fastenal.com/"
"Adams County", "web companies", "Milliken & Company", "http://www.milliken.com/en-us/Pages/default.aspx"
"Adams County", "web companies", "American General Life Company", "None"
"Adams County", "web companies", "American National Insurance Co", "https://www.americannational.com/wps/portal/amnat/home/contact-us"
"Adams County", "web companies", "Bimbo Bakeries USA", "https://bimbobakeriesusa.com/"
"Adams County", "web companies", "Aramark", "http://www.aramark.com/"
"Adams County", "web companies", "Fastenal", "https://www.fastenal.com/"
"Addison County", "web companies", "Milliken & Company", "http://www.milliken.com/en-us/Pages/default.aspx"
"Addison County", "web companies", "American General Life Company", "None"
"Addison County", "web companies", "American National Insurance Co", "https://www.americannational.com/wps/portal/amnat/home/contact-us"
"Addison County", "web companies", "Bimbo Bakeries USA", "https://bimbobakeriesusa.com/"
"Addison County", "web companies", "Aramark", "http://www.aramark.com/"
"Addison County", "web companies", "Fastenal", "https://www.fastenal.com/"
"Adjuntas", "web companies", "Milliken & Company", "http://www.milliken.com/en-us/Pages/default.aspx"
"Adjuntas", "web companies", "American General Life Company", "None"
"Adjuntas", "web companies", "American National Insurance Co", "https://www.americannational.com/wps/portal/amnat/home/contact-us"
"Adjuntas", "web companies", "Bimbo Bakeries USA", "https://bimbobakeriesusa.com/"
"Adjuntas", "web companies", "Aramark", "http://www.aramark.com/"
"Adjuntas", "web companies", "Fastenal", "https://www.fastenal.com/"
"Aguadilla", "web companies", "Milliken & Company", "http://www.milliken.com/en-us/Pages/default.aspx"
"Aguadilla", "web companies", "American General Life Company", "None"
"Aguadilla", "web companies", "American National Insurance Co", "https://www.americannational.com/wps/portal/amnat/home/contact-us"
"Aguadilla", "web companies", "Bimbo Bakeries USA", "https://bimbobakeriesusa.com/"
"Aguadilla", "web companies", "Aramark", "http://www.aramark.com/"
"Aguadilla", "web companies", "Fastenal", "https://www.fastenal.com/"
"Aibonito", "web companies", "Milliken & Company", "http://www.milliken.com/en-us/Pages/default.aspx"
"Aibonito", "web companies", "American General Life Company", "None"
"Aibonito", "web companies", "American National Insurance Co", "https://www.americannational.com/wps/portal/amnat/home/contact-us"
"Aibonito", "web companies", "Bimbo Bakeries USA", "https://bimbobakeriesusa.com/"
"Aibonito", "web companies", "Aramark", "http://www.aramark.com/"
"Aibonito", "web companies", "Fastenal", "https://www.fastenal.com/"
"Aiken County", "web companies", "Milliken & Company", "http://www.milliken.com/en-us/Pages/default.aspx"
"Aiken County", "web companies", "American General Life Company", "None"
"Aiken County", "web companies", "American National Insurance Co", "https://www.americannational.com/wps/portal/amnat/home/contact-us"
"Aiken County", "web companies", "Bimbo Bakeries USA", "https://bimbobakeriesusa.com/"
"Aiken County", "web companies", "Aramark", "http://www.aramark.com/"
"Aiken County", "web companies", "Fastenal", "https://www.fastenal.com/"
"Aitkin County", "web companies", "Milliken & Company", "http://www.milliken.com/en-us/Pages/default.aspx"
"Aitkin County", "web companies", "American General Life Company", "None"
"Aitkin County", "web companies", "American National Insurance Co", "https://www.americannational.com/wps/portal/amnat/home/contact-us"
"Aitkin County", "web companies", "Bimbo Bakeries USA", "https://bimbobakeriesusa.com/"
"Aitkin County", "web companies", "Aramark", "http://www.aramark.com/"
"Aitkin County", "web companies", "Fastenal", "https://www.fastenal.com/"
"Alachua County", "web companies", "Milliken & Company", "http://www.milliken.com/en-us/Pages/default.aspx"
"Alachua County", "web companies", "American General Life Company", "None"
"Alachua County", "web companies", "American National Insurance Co", "https://www.americannational.com/wps/portal/amnat/home/contact-us"
"Alachua County", "web companies", "Bimbo Bakeries USA", "https://bimbobakeriesusa.com/"
"Alachua County", "web companies", "Aramark", "http://www.aramark.com/"
"Alachua County", "web companies", "Fastenal", "https://www.fastenal.com/"
"Alamance County", "web companies", "Milliken & Company", "http://www.milliken.com/en-us/Pages/default.aspx"
"Alamance County", "web companies", "American General Life Company", "None"
"Alamance County", "web companies", "American National Insurance Co", "https://www.americannational.com/wps/portal/amnat/home/contact-us"
"Alamance County", "web companies", "Bimbo Bakeries USA", "https://bimbobakeriesusa.com/"
"Alamance County", "web companies", "Aramark", "http://www.aramark.com/"
"Alamance County", "web companies", "Fastenal", "https://www.fastenal.com/"
"Alameda County", "web companies", "Milliken & Company", "http://www.milliken.com/en-us/Pages/default.aspx"
"Alameda County", "web companies", "American General Life Company", "None"
"Alameda County", "web companies", "American National Insurance Co", "https://www.americannational.com/wps/portal/amnat/home/contact-us"
"Alameda County", "web companies", "Bimbo Bakeries USA", "https://bimbobakeriesusa.com/"
"Alameda County", "web companies", "Aramark", "http://www.aramark.com/"
"Alameda County", "web companies", "Fastenal", "https://www.fastenal.com/"
"Alamosa County", "web companies", "Milliken & Company", "http://www.milliken.com/en-us/Pages/default.aspx"
"Alamosa County", "web companies", "American General Life Company", "None"
"Alamosa County", "web companies", "American National Insurance Co", "https://www.americannational.com/wps/portal/amnat/home/contact-us"
"Alamosa County", "web companies", "Bimbo Bakeries USA", "https://bimbobakeriesusa.com/"
"Alamosa County", "web companies", "Aramark", "http://www.aramark.com/"
"Alamosa County", "web companies", "Fastenal", "https://www.fastenal.com/"
"Albany County", "web companies", "Milliken & Company", "http://www.milliken.com/en-us/Pages/default.aspx"
"Albany County", "web companies", "American General Life Company", "None"
"Albany County", "web companies", "American National Insurance Co", "https://www.americannational.com/wps/portal/amnat/home/contact-us"
"Albany County", "web companies", "Bimbo Bakeries USA", "https://bimbobakeriesusa.com/"
"Albany County", "web companies", "Aramark", "http://www.aramark.com/"
"Albany County", "web companies", "Fastenal", "https://www.fastenal.com/"
"Albemarle County", "web companies", "Milliken & Company", "http://www.milliken.com/en-us/Pages/default.aspx"
"Albemarle County", "web companies", "American General Life Company", "None"
"Albemarle County", "web companies", "American National Insurance Co", "https://www.americannational.com/wps/portal/amnat/home/contact-us"
"Albemarle County", "web companies", "Bimbo Bakeries USA", "https://bimbobakeriesusa.com/"
"Albemarle County", "web companies", "Aramark", "http://www.aramark.com/"
"Albemarle County", "web companies", "Fastenal", "https://www.fastenal.com/"
"Alcona County", "web companies", "Milliken & Company", "http://www.milliken.com/en-us/Pages/default.aspx"
"Alcona County", "web companies", "American General Life Company", "None"
"Alcona County", "web companies", "American National Insurance Co", "https://www.americannational.com/wps/portal/amnat/home/contact-us"
"Alcona County", "web companies", "Bimbo Bakeries USA", "https://bimbobakeriesusa.com/"
"Alcona County", "web companies", "Aramark", "http://www.aramark.com/"
"Alcona County", "web companies", "Fastenal", "https://www.fastenal.com/"
"Alcorn County", "web companies", "Milliken & Company", "http://www.milliken.com/en-us/Pages/default.aspx"
"Alcorn County", "web companies", "American General Life Company", "None"
"Alcorn County", "web companies", "American National Insurance Co", "https://www.americannational.com/wps/portal/amnat/home/contact-us"
"Alcorn County", "web companies", "Bimbo Bakeries USA", "https://bimbobakeriesusa.com/"
"Alcorn County", "web companies", "Aramark", "http://www.aramark.com/"
"Alcorn County", "web companies", "Fastenal", "https://www.fastenal.com/"
"Aleutians East Borough", "web companies", "Milliken & Company", "http://www.milliken.com/en-us/Pages/default.aspx"
"Aleutians East Borough", "web companies", "American General Life Company", "None"
"Aleutians East Borough", "web companies", "American National Insurance Co", "https://www.americannational.com/wps/portal/amnat/home/contact-us"
"Aleutians East Borough", "web companies", "Bimbo Bakeries USA", "https://bimbobakeriesusa.com/"
"Aleutians East Borough", "web companies", "Aramark", "http://www.aramark.com/"
"Aleutians East Borough", "web companies", "Fastenal", "https://www.fastenal.com/"
"Aleutians West Census Area", "web companies", "Milliken & Company", "http://www.milliken.com/en-us/Pages/default.aspx"
"Aleutians West Census Area", "web companies", "American General Life Company", "None"
"Aleutians West Census Area", "web companies", "American National Insurance Co", "https://www.americannational.com/wps/portal/amnat/home/contact-us"
"Aleutians West Census Area", "web companies", "Bimbo Bakeries USA", "https://bimbobakeriesusa.com/"
"Aleutians West Census Area", "web companies", "Aramark", "http://www.aramark.com/"
"Aleutians West Census Area", "web companies", "Fastenal", "https://www.fastenal.com/"
"Alexander County", "web companies", "Milliken & Company", "http://www.milliken.com/en-us/Pages/default.aspx"
"Alexander County", "web companies", "American General Life Company", "None"
"Alexander County", "web companies", "American National Insurance Co", "https://www.americannational.com/wps/portal/amnat/home/contact-us"
"Alexander County", "web companies", "Bimbo Bakeries USA", "https://bimbobakeriesusa.com/"
"Alexander County", "web companies", "Aramark", "http://www.aramark.com/"
"Alexander County", "web companies", "Fastenal", "https://www.fastenal.com/"
"Alexandria City", "web companies", "Milliken & Company", "http://www.milliken.com/en-us/Pages/default.aspx"
"Alexandria City", "web companies", "American General Life Company", "None"
"Alexandria City", "web companies", "American National Insurance Co", "https://www.americannational.com/wps/portal/amnat/home/contact-us"
"Alexandria City", "web companies", "Bimbo Bakeries USA", "https://bimbobakeriesusa.com/"
"Alexandria City", "web companies", "Aramark", "http://www.aramark.com/"
"Alexandria City", "web companies", "Fastenal", "https://www.fastenal.com/"
"Alfalfa County", "web companies", "Milliken & Company", "http://www.milliken.com/en-us/Pages/default.aspx"
"Alfalfa County", "web companies", "American General Life Company", "None"
"Alfalfa County", "web companies", "American National Insurance Co", "https://www.americannational.com/wps/portal/amnat/home/contact-us"
"Alfalfa County", "web companies", "Bimbo Bakeries USA", "https://bimbobakeriesusa.com/"
"Alfalfa County", "web companies", "Aramark", "http://www.aramark.com/"
"Alfalfa County", "web companies", "Fastenal", "https://www.fastenal.com/"
"Alger County", "web companies", "Milliken & Company", "http://www.milliken.com/en-us/Pages/default.aspx"
"Alger County", "web companies", "American General Life Company", "None"
"Alger County", "web companies", "American National Insurance Co", "https://www.americannational.com/wps/portal/amnat/home/contact-us"
"Alger County", "web companies", "Bimbo Bakeries USA", "https://bimbobakeriesusa.com/"
"Alger County", "web companies", "Aramark", "http://www.aramark.com/"
"Alger County", "web companies", "Fastenal", "https://www.fastenal.com/"
"Allamakee County", "web companies", "Milliken & Company", "http://www.milliken.com/en-us/Pages/default.aspx"
"Allamakee County", "web companies", "American General Life Company", "None"
"Allamakee County", "web companies", "American National Insurance Co", "https://www.americannational.com/wps/portal/amnat/home/contact-us"
"Allamakee County", "web companies", "Bimbo Bakeries USA", "https://bimbobakeriesusa.com/"
"Allamakee County", "web companies", "Aramark", "http://www.aramark.com/"
"Allamakee County", "web companies", "Fastenal", "https://www.fastenal.com/"
"Allegan County", "web companies", "Milliken & Company", "http://www.milliken.com/en-us/Pages/default.aspx"
"Allegan County", "web companies", "American General Life Company", "None"
"Allegan County", "web companies", "American National Insurance Co", "https://www.americannational.com/wps/portal/amnat/home/contact-us"
"Allegan County", "web companies", "Bimbo Bakeries USA", "https://bimbobakeriesusa.com/"
"Allegan County", "web companies", "Aramark", "http://www.aramark.com/"
"Allegan County", "web companies", "Fastenal", "https://www.fastenal.com/"
"Allegany County", "web companies", "Milliken & Company", "http://www.milliken.com/en-us/Pages/default.aspx"
"Allegany County", "web companies", "American General Life Company", "None"
"Allegany County", "web companies", "American National Insurance Co", "https://www.americannational.com/wps/portal/amnat/home/contact-us"
"Allegany County", "web companies", "Bimbo Bakeries USA", "https://bimbobakeriesusa.com/"
"Allegany County", "web companies", "Aramark", "http://www.aramark.com/"
"Allegany County", "web companies", "Fastenal", "https://www.fastenal.com/"
"Alleghany County", "web companies", "Milliken & Company", "http://www.milliken.com/en-us/Pages/default.aspx"
"Alleghany County", "web companies", "American General Life Company", "None"
"Alleghany County", "web companies", "American National Insurance Co", "https://www.americannational.com/wps/portal/amnat/home/contact-us"
"Alleghany County", "web companies", "Bimbo Bakeries USA", "https://bimbobakeriesusa.com/"
"Alleghany County", "web companies", "Aramark", "http://www.aramark.com/"
"Alleghany County", "web companies", "Fastenal", "https://www.fastenal.com/"
"Allegheny County", "web companies", "Milliken & Company", "http://www.milliken.com/en-us/Pages/default.aspx"
"Allegheny County", "web companies", "American General Life Company", "None"
"Allegheny County", "web companies", "American National Insurance Co", "https://www.americannational.com/wps/portal/amnat/home/contact-us"
"Allegheny County", "web companies", "Bimbo Bakeries USA", "https://bimbobakeriesusa.com/"
"Allegheny County", "web companies", "Aramark", "http://www.aramark.com/"
"Allegheny County", "web companies", "Fastenal", "https://www.fastenal.com/"
"Allen County", "web companies", "Milliken & Company", "http://www.milliken.com/en-us/Pages/default.aspx"
"Allen County", "web companies", "American General Life Company", "None"
"Allen County", "web companies", "American National Insurance Co", "https://www.americannational.com/wps/portal/amnat/home/contact-us"
"Allen County", "web companies", "Bimbo Bakeries USA", "https://bimbobakeriesusa.com/"
"Allen County", "web companies", "Aramark", "http://www.aramark.com/"
"Allen County", "web companies", "Fastenal", "https://www.fastenal.com/"
"Allen Parish", "web companies", "Milliken & Company", "http://www.milliken.com/en-us/Pages/default.aspx"
"Allen Parish", "web companies", "American General Life Company", "None"
"Allen Parish", "web companies", "American National Insurance Co", "https://www.americannational.com/wps/portal/amnat/home/contact-us"
"Allen Parish", "web companies", "Bimbo Bakeries USA", "https://bimbobakeriesusa.com/"
"Allen Parish", "web companies", "Aramark", "http://www.aramark.com/"
"Allen Parish", "web companies", "Fastenal", "https://www.fastenal.com/"
"Allendale County", "web companies", "Milliken & Company", "http://www.milliken.com/en-us/Pages/default.aspx"
"Allendale County", "web companies", "American General Life Company", "None"
"Allendale County", "web companies", "American National Insurance Co", "https://www.americannational.com/wps/portal/amnat/home/contact-us"
"Allendale County", "web companies", "Bimbo Bakeries USA", "https://bimbobakeriesusa.com/"
"Allendale County", "web companies", "Aramark", "http://www.aramark.com/"
"Allendale County", "web companies", "Fastenal", "https://www.fastenal.com/"
"Alpena County", "web companies", "Milliken & Company", "http://www.milliken.com/en-us/Pages/default.aspx"
"Alpena County", "web companies", "American General Life Company", "None"
"Alpena County", "web companies", "American National Insurance Co", "https://www.americannational.com/wps/portal/amnat/home/contact-us"
"Alpena County", "web companies", "Bimbo Bakeries USA", "https://bimbobakeriesusa.com/"
"Alpena County", "web companies", "Aramark", "http://www.aramark.com/"
"Alpena County", "web companies", "Fastenal", "https://www.fastenal.com/"
"Alpine County", "web companies", "Milliken & Company", "http://www.milliken.com/en-us/Pages/default.aspx"
"Alpine County", "web companies", "American General Life Company", "None"
"Alpine County", "web companies", "American National Insurance Co", "https://www.americannational.com/wps/portal/amnat/home/contact-us"
"Alpine County", "web companies", "Bimbo Bakeries USA", "https://bimbobakeriesusa.com/"
"Alpine County", "web companies", "Aramark", "http://www.aramark.com/"
"Alpine County", "web companies", "Fastenal", "https://www.fastenal.com/"
"Amador County", "web companies", "Milliken & Company", "http://www.milliken.com/en-us/Pages/default.aspx"
"Amador County", "web companies", "American General Life Company", "None"
"Amador County", "web companies", "American National Insurance Co", "https://www.americannational.com/wps/portal/amnat/home/contact-us"
"Amador County", "web companies", "Bimbo Bakeries USA", "https://bimbobakeriesusa.com/"
"Amador County", "web companies", "Aramark", "http://www.aramark.com/"
"Amador County", "web companies", "Fastenal", "https://www.fastenal.com/"
"Amelia County", "web companies", "Milliken & Company", "http://www.milliken.com/en-us/Pages/default.aspx"
"Amelia County", "web companies", "American General Life Company", "None"
"Amelia County", "web companies", "American National Insurance Co", "https://www.americannational.com/wps/portal/amnat/home/contact-us"
"Amelia County", "web companies", "Bimbo Bakeries USA", "https://bimbobakeriesusa.com/"
"Amelia County", "web companies", "Aramark", "http://www.aramark.com/"
"Amelia County", "web companies", "Fastenal", "https://www.fastenal.com/"
"Amherst County", "web companies", "Milliken & Company", "http://www.milliken.com/en-us/Pages/default.aspx"
"Amherst County", "web companies", "American General Life Company", "None"
"Amherst County", "web companies", "American National Insurance Co", "https://www.americannational.com/wps/portal/amnat/home/contact-us"
"Amherst County", "web companies", "Bimbo Bakeries USA", "https://bimbobakeriesusa.com/"
"Amherst County", "web companies", "Aramark", "http://www.aramark.com/"
"Amherst County", "web companies", "Fastenal", "https://www.fastenal.com/"
"Amite County", "web companies", "Milliken & Company", "http://www.milliken.com/en-us/Pages/default.aspx"
"Amite County", "web companies", "American General Life Company", "None"
"Amite County", "web companies", "American National Insurance Co", "https://www.americannational.com/wps/portal/amnat/home/contact-us"
"Amite County", "web companies", "Bimbo Bakeries USA", "https://bimbobakeriesusa.com/"
"Amite County", "web companies", "Aramark", "http://www.aramark.com/"
"Amite County", "web companies", "Fastenal", "https://www.fastenal.com/"
"Anchorage Borough", "web companies", "Milliken & Company", "http://www.milliken.com/en-us/Pages/default.aspx"
"Anchorage Borough", "web companies", "American General Life Company", "None"
"Anchorage Borough", "web companies", "American National Insurance Co", "https://www.americannational.com/wps/portal/amnat/home/contact-us"
"Anchorage Borough", "web companies", "Bimbo Bakeries USA", "https://bimbobakeriesusa.com/"
"Anchorage Borough", "web companies", "Aramark", "http://www.aramark.com/"
"Anchorage Borough", "web companies", "Fastenal", "https://www.fastenal.com/"
"Anderson County", "web companies", "Milliken & Company", "http://www.milliken.com/en-us/Pages/default.aspx"
"Anderson County", "web companies", "American General Life Company", "None"
"Anderson County", "web companies", "American National Insurance Co", "https://www.americannational.com/wps/portal/amnat/home/contact-us"
"Anderson County", "web companies", "Bimbo Bakeries USA", "https://bimbobakeriesusa.com/"
"Anderson County", "web companies", "Aramark", "http://www.aramark.com/"
"Anderson County", "web companies", "Fastenal", "https://www.fastenal.com/"
"Andrew County", "web companies", "Milliken & Company", "http://www.milliken.com/en-us/Pages/default.aspx"
"Andrew County", "web companies", "American General Life Company", "None"
"Andrew County", "web companies", "American National Insurance Co", "https://www.americannational.com/wps/portal/amnat/home/contact-us"
"Andrew County", "web companies", "Bimbo Bakeries USA", "https://bimbobakeriesusa.com/"
"Andrew County", "web companies", "Aramark", "http://www.aramark.com/"
"Andrew County", "web companies", "Fastenal", "https://www.fastenal.com/"
"Andrews County", "web companies", "Milliken & Company", "http://www.milliken.com/en-us/Pages/default.aspx"
"Andrews County", "web companies", "American General Life Company", "None"
"Andrews County", "web companies", "American National Insurance Co", "https://www.americannational.com/wps/portal/amnat/home/contact-us"
"Andrews County", "web companies", "Bimbo Bakeries USA", "https://bimbobakeriesusa.com/"
"Andrews County", "web companies", "Aramark", "http://www.aramark.com/"
"Andrews County", "web companies", "Fastenal", "https://www.fastenal.com/"
"Androscoggin County", "web companies", "Milliken & Company", "http://www.milliken.com/en-us/Pages/default.aspx"
"Androscoggin County", "web companies", "American General Life Company", "None"
"Androscoggin County", "web companies", "American National Insurance Co", "https://www.americannational.com/wps/portal/amnat/home/contact-us"
"Androscoggin County", "web companies", "Bimbo Bakeries USA", "https://bimbobakeriesusa.com/"
"Androscoggin County", "web companies", "Aramark", "http://www.aramark.com/"
"Androscoggin County", "web companies", "Fastenal", "https://www.fastenal.com/"
"Angelina County", "web companies", "Milliken & Company", "http://www.milliken.com/en-us/Pages/default.aspx"
"Angelina County", "web companies", "American General Life Company", "None"
"Angelina County", "web companies", "American National Insurance Co", "https://www.americannational.com/wps/portal/amnat/home/contact-us"
"Angelina County", "web companies", "Bimbo Bakeries USA", "https://bimbobakeriesusa.com/"
"Angelina County", "web companies", "Aramark", "http://www.aramark.com/"
"Angelina County", "web companies", "Fastenal", "https://www.fastenal.com/"
"Anne Arundel County", "web companies", "Milliken & Company", "http://www.milliken.com/en-us/Pages/default.aspx"
"Anne Arundel County", "web companies", "American General Life Company", "None"
"Anne Arundel County", "web companies", "American National Insurance Co", "https://www.americannational.com/wps/portal/amnat/home/contact-us"
"Anne Arundel County", "web companies", "Bimbo Bakeries USA", "https://bimbobakeriesusa.com/"
"Anne Arundel County", "web companies", "Aramark", "http://www.aramark.com/"
"Anne Arundel County", "web companies", "Fastenal", "https://www.fastenal.com/"
"Anoka County", "web companies", "Milliken & Company", "http://www.milliken.com/en-us/Pages/default.aspx"
"Anoka County", "web companies", "American General Life Company", "None"
"Anoka County", "web companies", "American National Insurance Co", "https://www.americannational.com/wps/portal/amnat/home/contact-us"
"Anoka County", "web companies", "Bimbo Bakeries USA", "https://bimbobakeriesusa.com/"
"Anoka County", "web companies", "Aramark", "http://www.aramark.com/"
"Anoka County", "web companies", "Fastenal", "https://www.fastenal.com/"
"Anson County", "web companies", "Milliken & Company", "http://www.milliken.com/en-us/Pages/default.aspx"
"Anson County", "web companies", "American General Life Company", "None"
"Anson County", "web companies", "American National Insurance Co", "https://www.americannational.com/wps/portal/amnat/home/contact-us"
"Anson County", "web companies", "Bimbo Bakeries USA", "https://bimbobakeriesusa.com/"
"Anson County", "web companies", "Aramark", "http://www.aramark.com/"
"Anson County", "web companies", "Fastenal", "https://www.fastenal.com/"
"Antelope County", "web companies", "Milliken & Company", "http://www.milliken.com/en-us/Pages/default.aspx"
"Antelope County", "web companies", "American General Life Company", "None"
"Antelope County", "web companies", "American National Insurance Co", "https://www.americannational.com/wps/portal/amnat/home/contact-us"
"Antelope County", "web companies", "Bimbo Bakeries USA", "https://bimbobakeriesusa.com/"
"Antelope County", "web companies", "Aramark", "http://www.aramark.com/"
"Antelope County", "web companies", "Fastenal", "https://www.fastenal.com/"
"Antrim County", "web companies", "Milliken & Company", "http://www.milliken.com/en-us/Pages/default.aspx"
"Antrim County", "web companies", "American General Life Company", "None"
"Antrim County", "web companies", "American National Insurance Co", "https://www.americannational.com/wps/portal/amnat/home/contact-us"
"Antrim County", "web companies", "Bimbo Bakeries USA", "https://bimbobakeriesusa.com/"
"Antrim County", "web companies", "Aramark", "http://www.aramark.com/"
"Antrim County", "web companies", "Fastenal", "https://www.fastenal.com/"
"Apache County", "web companies", "Milliken & Company", "http://www.milliken.com/en-us/Pages/default.aspx"
"Apache County", "web companies", "American General Life Company", "None"
"Apache County", "web companies", "American National Insurance Co", "https://www.americannational.com/wps/portal/amnat/home/contact-us"
"Apache County", "web companies", "Bimbo Bakeries USA", "https://bimbobakeriesusa.com/"
"Apache County", "web companies", "Aramark", "http://www.aramark.com/"
"Apache County", "web companies", "Fastenal", "https://www.fastenal.com/"
"Appanoose County", "web companies", "Milliken & Company", "http://www.milliken.com/en-us/Pages/default.aspx"
"Appanoose County", "web companies", "American General Life Company", "None"
"Appanoose County", "web companies", "American National Insurance Co", "https://www.americannational.com/wps/portal/amnat/home/contact-us"
"Appanoose County", "web companies", "Bimbo Bakeries USA", "https://bimbobakeriesusa.com/"
"Appanoose County", "web companies", "Aramark", "http://www.aramark.com/"
"Appanoose County", "web companies", "Fastenal", "https://www.fastenal.com/"
"Appling County", "web companies", "Milliken & Company", "http://www.milliken.com/en-us/Pages/default.aspx"
"Appling County", "web companies", "American General Life Company", "None"
"Appling County", "web companies", "American National Insurance Co", "https://www.americannational.com/wps/portal/amnat/home/contact-us"
"Appling County", "web companies", "Bimbo Bakeries USA", "https://bimbobakeriesusa.com/"
"Appling County", "web companies", "Aramark", "http://www.aramark.com/"
"Appling County", "web companies", "Fastenal", "https://www.fastenal.com/"
"Appomattox County", "web companies", "Milliken & Company", "http://www.milliken.com/en-us/Pages/default.aspx"
"Appomattox County", "web companies", "American General Life Company", "None"
"Appomattox County", "web companies", "American National Insurance Co", "https://www.americannational.com/wps/portal/amnat/home/contact-us"
"Appomattox County", "web companies", "Bimbo Bakeries USA", "https://bimbobakeriesusa.com/"
"Appomattox County", "web companies", "Aramark", "http://www.aramark.com/"
"Appomattox County", "web companies", "Fastenal", "https://www.fastenal.com/"
"Aransas County", "web companies", "Milliken & Company", "http://www.milliken.com/en-us/Pages/default.aspx"
"Aransas County", "web companies", "American General Life Company", "None"
"Aransas County", "web companies", "American National Insurance Co", "https://www.americannational.com/wps/portal/amnat/home/contact-us"
"Aransas County", "web companies", "Bimbo Bakeries USA", "https://bimbobakeriesusa.com/"
"Aransas County", "web companies", "Aramark", "http://www.aramark.com/"
"Aransas County", "web companies", "Fastenal", "https://www.fastenal.com/"
"Arapahoe County", "web companies", "Milliken & Company", "http://www.milliken.com/en-us/Pages/default.aspx"
"Arapahoe County", "web companies", "American General Life Company", "None"
"Arapahoe County", "web companies", "American National Insurance Co", "https://www.americannational.com/wps/portal/amnat/home/contact-us"
"Arapahoe County", "web companies", "Bimbo Bakeries USA", "https://bimbobakeriesusa.com/"
"Arapahoe County", "web companies", "Aramark", "http://www.aramark.com/"
"Arapahoe County", "web companies", "Fastenal", "https://www.fastenal.com/"
"Archer County", "web companies", "Milliken & Company", "http://www.milliken.com/en-us/Pages/default.aspx"
"Archer County", "web companies", "American General Life Company", "None"
"Archer County", "web companies", "American National Insurance Co", "https://www.americannational.com/wps/portal/amnat/home/contact-us"
"Archer County", "web companies", "Bimbo Bakeries USA", "https://bimbobakeriesusa.com/"
"Archer County", "web companies", "Aramark", "http://www.aramark.com/"
"Archer County", "web companies", "Fastenal", "https://www.fastenal.com/"
"Archuleta County", "web companies", "Milliken & Company", "http://www.milliken.com/en-us/Pages/default.aspx"
"Archuleta County", "web companies", "American General Life Company", "None"
"Archuleta County", "web companies", "American National Insurance Co", "https://www.americannational.com/wps/portal/amnat/home/contact-us"
"Archuleta County", "web companies", "Bimbo Bakeries USA", "https://bimbobakeriesusa.com/"
"Archuleta County", "web companies", "Aramark", "http://www.aramark.com/"
"Archuleta County", "web companies", "Fastenal", "https://www.fastenal.com/"
"Arecibo", "web companies", "Milliken & Company", "http://www.milliken.com/en-us/Pages/default.aspx"
"Arecibo", "web companies", "American General Life Company", "None"
"Arecibo", "web companies", "American National Insurance Co", "https://www.americannational.com/wps/portal/amnat/home/contact-us"
"Arecibo", "web companies", "Bimbo Bakeries USA", "https://bimbobakeriesusa.com/"
"Arecibo", "web companies", "Aramark", "http://www.aramark.com/"
"Arecibo", "web companies", "Fastenal", "https://www.fastenal.com/"
"Arenac County", "web companies", "Milliken & Company", "http://www.milliken.com/en-us/Pages/default.aspx"
"Arenac County", "web companies", "American General Life Company", "None"
"Arenac County", "web companies", "American National Insurance Co", "https://www.americannational.com/wps/portal/amnat/home/contact-us"
"Arenac County", "web companies", "Bimbo Bakeries USA", "https://bimbobakeriesusa.com/"
"Arenac County", "web companies", "Aramark", "http://www.aramark.com/"
"Arenac County", "web companies", "Fastenal", "https://www.fastenal.com/"
"Arkansas County", "web companies", "Milliken & Company", "http://www.milliken.com/en-us/Pages/default.aspx"
"Arkansas County", "web companies", "American General Life Company", "None"
"Arkansas County", "web companies", "American National Insurance Co", "https://www.americannational.com/wps/portal/amnat/home/contact-us"
"Arkansas County", "web companies", "Bimbo Bakeries USA", "https://bimbobakeriesusa.com/"
"Arkansas County", "web companies", "Aramark", "http://www.aramark.com/"
"Arkansas County", "web companies", "Fastenal", "https://www.fastenal.com/"
"Arlington County", "web companies", "Milliken & Company", "http://www.milliken.com/en-us/Pages/default.aspx"
"Arlington County", "web companies", "American General Life Company", "None"
"Arlington County", "web companies", "American National Insurance Co", "https://www.americannational.com/wps/portal/amnat/home/contact-us"
"Arlington County", "web companies", "Bimbo Bakeries USA", "https://bimbobakeriesusa.com/"
"Arlington County", "web companies", "Aramark", "http://www.aramark.com/"
"Arlington County", "web companies", "Fastenal", "https://www.fastenal.com/"
"Armstrong County", "web companies", "Milliken & Company", "http://www.milliken.com/en-us/Pages/default.aspx"
"Armstrong County", "web companies", "American General Life Company", "None"
"Armstrong County", "web companies", "American National Insurance Co", "https://www.americannational.com/wps/portal/amnat/home/contact-us"
"Armstrong County", "web companies", "Bimbo Bakeries USA", "https://bimbobakeriesusa.com/"
"Armstrong County", "web companies", "Aramark", "http://www.aramark.com/"
"Armstrong County", "web companies", "Fastenal", "https://www.fastenal.com/"
"Aroostook County", "web companies", "Milliken & Company", "http://www.milliken.com/en-us/Pages/default.aspx"
"Aroostook County", "web companies", "American General Life Company", "None"
"Aroostook County", "web companies", "American National Insurance Co", "https://www.americannational.com/wps/portal/amnat/home/contact-us"
"Aroostook County", "web companies", "Bimbo Bakeries USA", "https://bimbobakeriesusa.com/"
"Aroostook County", "web companies", "Aramark", "http://www.aramark.com/"
"Aroostook County", "web companies", "Fastenal", "https://www.fastenal.com/"
"Arthur County", "web companies", "Milliken & Company", "http://www.milliken.com/en-us/Pages/default.aspx"
"Arthur County", "web companies", "American General Life Company", "None"
"Arthur County", "web companies", "American National Insurance Co", "https://www.americannational.com/wps/portal/amnat/home/contact-us"
"Arthur County", "web companies", "Bimbo Bakeries USA", "https://bimbobakeriesusa.com/"
"Arthur County", "web companies", "Aramark", "http://www.aramark.com/"
"Arthur County", "web companies", "Fastenal", "https://www.fastenal.com/"
"Ascension Parish", "web companies", "Milliken & Company", "http://www.milliken.com/en-us/Pages/default.aspx"
"Ascension Parish", "web companies", "American General Life Company", "None"
"Ascension Parish", "web companies", "American National Insurance Co", "https://www.americannational.com/wps/portal/amnat/home/contact-us"
"Ascension Parish", "web companies", "Bimbo Bakeries USA", "https://bimbobakeriesusa.com/"
"Ascension Parish", "web companies", "Aramark", "http://www.aramark.com/"
"Ascension Parish", "web companies", "Fastenal", "https://www.fastenal.com/"
"Ashe County", "web companies", "Milliken & Company", "http://www.milliken.com/en-us/Pages/default.aspx"
"Ashe County", "web companies", "American General Life Company", "None"
"Ashe County", "web companies", "American National Insurance Co", "https://www.americannational.com/wps/portal/amnat/home/contact-us"
"Ashe County", "web companies", "Bimbo Bakeries USA", "https://bimbobakeriesusa.com/"
"Ashe County", "web companies", "Aramark", "http://www.aramark.com/"
"Ashe County", "web companies", "Fastenal", "https://www.fastenal.com/"
"Ashland County", "web companies", "Milliken & Company", "http://www.milliken.com/en-us/Pages/default.aspx"
"Ashland County", "web companies", "American General Life Company", "None"
"Ashland County", "web companies", "American National Insurance Co", "https://www.americannational.com/wps/portal/amnat/home/contact-us"
"Ashland County", "web companies", "Bimbo Bakeries USA", "https://bimbobakeriesusa.com/"
"Ashland County", "web companies", "Aramark", "http://www.aramark.com/"
"Ashland County", "web companies", "Fastenal", "https://www.fastenal.com/"
"Ashley County", "web companies", "Milliken & Company", "http://www.milliken.com/en-us/Pages/default.aspx"
"Ashley County", "web companies", "American General Life Company", "None"
"Ashley County", "web companies", "American National Insurance Co", "https://www.americannational.com/wps/portal/amnat/home/contact-us"
"Ashley County", "web companies", "Bimbo Bakeries USA", "https://bimbobakeriesusa.com/"
"Ashley County", "web companies", "Aramark", "http://www.aramark.com/"
"Ashley County", "web companies", "Fastenal", "https://www.fastenal.com/"
"Ashtabula County", "web companies", "Milliken & Company", "http://www.milliken.com/en-us/Pages/default.aspx"
"Ashtabula County", "web companies", "American General Life Company", "None"
"Ashtabula County", "web companies", "American National Insurance Co", "https://www.americannational.com/wps/portal/amnat/home/contact-us"
"Ashtabula County", "web companies", "Bimbo Bakeries USA", "https://bimbobakeriesusa.com/"
"Ashtabula County", "web companies", "Aramark", "http://www.aramark.com/"
"Ashtabula County", "web companies", "Fastenal", "https://www.fastenal.com/"
"Asotin County", "web companies", "Milliken & Company", "http://www.milliken.com/en-us/Pages/default.aspx"
"Asotin County", "web companies", "American General Life Company", "None"
"Asotin County", "web companies", "American National Insurance Co", "https://www.americannational.com/wps/portal/amnat/home/contact-us"
"Asotin County", "web companies", "Bimbo Bakeries USA", "https://bimbobakeriesusa.com/"
"Asotin County", "web companies", "Aramark", "http://www.aramark.com/"
"Asotin County", "web companies", "Fastenal", "https://www.fastenal.com/"
"Assumption Parish", "web companies", "Milliken & Company", "http://www.milliken.com/en-us/Pages/default.aspx"
"Assumption Parish", "web companies", "American General Life Company", "None"
"Assumption Parish", "web companies", "American National Insurance Co", "https://www.americannational.com/wps/portal/amnat/home/contact-us"
"Assumption Parish", "web companies", "Bimbo Bakeries USA", "https://bimbobakeriesusa.com/"
"Assumption Parish", "web companies", "Aramark", "http://www.aramark.com/"
"Assumption Parish", "web companies", "Fastenal", "https://www.fastenal.com/"
"Atascosa County", "web companies", "Milliken & Company", "http://www.milliken.com/en-us/Pages/default.aspx"
"Atascosa County", "web companies", "American General Life Company", "None"
"Atascosa County", "web companies", "American National Insurance Co", "https://www.americannational.com/wps/portal/amnat/home/contact-us"
"Atascosa County", "web companies", "Bimbo Bakeries USA", "https://bimbobakeriesusa.com/"
"Atascosa County", "web companies", "Aramark", "http://www.aramark.com/"
"Atascosa County", "web companies", "Fastenal", "https://www.fastenal.com/"
"Atchison County", "web companies", "Milliken & Company", "http://www.milliken.com/en-us/Pages/default.aspx"
"Atchison County", "web companies", "American General Life Company", "None"
"Atchison County", "web companies", "American National Insurance Co", "https://www.americannational.com/wps/portal/amnat/home/contact-us"
"Atchison County", "web companies", "Bimbo Bakeries USA", "https://bimbobakeriesusa.com/"
"Atchison County", "web companies", "Aramark", "http://www.aramark.com/"
"Atchison County", "web companies", "Fastenal", "https://www.fastenal.com/"
"Athens County", "web companies", "Milliken & Company", "http://www.milliken.com/en-us/Pages/default.aspx"
"Athens County", "web companies", "American General Life Company", "None"
"Athens County", "web companies", "American National Insurance Co", "https://www.americannational.com/wps/portal/amnat/home/contact-us"
"Athens County", "web companies", "Bimbo Bakeries USA", "https://bimbobakeriesusa.com/"
"Athens County", "web companies", "Aramark", "http://www.aramark.com/"
"Athens County", "web companies", "Fastenal", "https://www.fastenal.com/"
"Atkinson County", "web companies", "Milliken & Company", "http://www.milliken.com/en-us/Pages/default.aspx"
"Atkinson County", "web companies", "American General Life Company", "None"
"Atkinson County", "web companies", "American National Insurance Co", "https://www.americannational.com/wps/portal/amnat/home/contact-us"
"Atkinson County", "web companies", "Bimbo Bakeries USA", "https://bimbobakeriesusa.com/"
"Atkinson County", "web companies", "Aramark", "http://www.aramark.com/"
"Atkinson County", "web companies", "Fastenal", "https://www.fastenal.com/"
"Atlantic County", "web companies", "Fastenal", "https://www.fastenal.com/"
